[
    {
        "question": "치안의 주체는",
        "answer": "경찰청입니다"
    },
    {
        "question": "민생치안의 주체는",
        "answer": "경찰청입니다"
    },
    {
        "question": "나는 누구입니까",
        "answer": "홍길동입니다"
    },
    {
        "question": "나의 이름은 무엇입니까",
        "answer": "홍길동입니다"
    },
    {
        "question": "나를 무엇이라고 부릅니까",
        "answer": "홍길동입니다"
    },
    {
        "question": "나는 무엇을 하는 사람입니까",
        "answer": "민생치안을 돕는 사람입니다"
    },
    {
        "question": "제 이름은 홍길동입니다 저를 불러 봐 주세요",
        "answer": "안녕하세요 홍길동 님 저는 여러분의 도움이 되는 민생치안 비서입니다 무엇을 도와드릴까요"
    },
    {
        "question": "제 이름은 홍길동입니다 민생치안을 돕는 일꾼입니다 저를 불러 주세요",
        "answer": "안녕하세요 홍길동님 홍길동 님을 위해 어떻게 도와드릴까요 무엇이 필요하시거나 어떤 도움이 필요한지 알려주시면 기꺼이 도와드리겠습니다"
    },
    {
        "question": "어떤 방법으로 집 안전을 강화할 수 있을까요",
        "answer": "집 안전을 강화하기 위해 방범용품카메라 경보기 등을 설치하고 현관문과 창문 잠금장치를 강화하는 것이 좋습니다 또한 이웃과의 소통을 통해 주변 상황을 주시하고 방범에 도움을 요청할 수도 있습니다"
    },
    {
        "question": "방범용품카메라 경보기 등을 설치하는 것이 집 안전을 강화하는 좋은 방법일까요",
        "answer": "집 안전을 강화하기 위해 방범용품카메라 경보기 등을 설치하고 현관문과 창문 잠금장치를 강화하는 것이 좋습니다 또한 이웃과의 소통을 통해 주변 상황을 주시하고 방범에 도움을 요청할 수도 있습니다"
    },
    {
        "question": "집 안전을 강화하기 위해 어떤 방범용품을 사용하는 것이 가장 효과적일까요",
        "answer": "집 안전을 강화하기 위해 방범용품카메라 경보기 등을 설치하고 현관문과 창문 잠금장치를 강화하는 것이 좋습니다 또한 이웃과의 소통을 통해 주변 상황을 주시하고 방범에 도움을 요청할 수도 있습니다"
    },
    {
        "question": "현관문과 창문 잠금장치를 강화하는 것이 집 안전을 증가시키는데 도움이 될까요",
        "answer": "집 안전을 강화하기 위해 방범용품카메라 경보기 등을 설치하고 현관문과 창문 잠금장치를 강화하는 것이 좋습니다 또한 이웃과의 소통을 통해 주변 상황을 주시하고 방범에 도움을 요청할 수도 있습니다"
    },
    {
        "question": "이웃과 소통을 하는 것이 집 안전을 강화하는 데 도움이 될까요",
        "answer": "집 안전을 강화하기 위해 방범용품카메라 경보기 등을 설치하고 현관문과 창문 잠금장치를 강화하는 것이 좋습니다 또한 이웃과의 소통을 통해 주변 상황을 주시하고 방범에 도움을 요청할 수도 있습니다"
    },
    {
        "question": "주변 상황을 주시하는 것이 집 안전을 강화하는 데 어떤 영향을 주나요",
        "answer": "집 안전을 강화하기 위해 방범용품카메라 경보기 등을 설치하고 현관문과 창문 잠금장치를 강화하는 것이 좋습니다 또한 이웃과의 소통을 통해 주변 상황을 주시하고 방범에 도움을 요청할 수도 있습니다"
    },
    {
        "question": "방범용품을 설치하고 현관문과 창문 잠금장치를 강화하는 것 외에 집 안전을 강화할 수 있는 방법은 무엇이 있을까요",
        "answer": "집 안전을 강화하기 위해 방범용품카메라 경보기 등을 설치하고 현관문과 창문 잠금장치를 강화하는 것이 좋습니다 또한 이웃과의 소통을 통해 주변 상황을 주시하고 방범에 도움을 요청할 수도 있습니다"
    },
    {
        "question": "방범용품을 사용하여 집 안전을 강화하는 것이 범죄 예방에 어떤 영향을 미치나요",
        "answer": "집 안전을 강화하기 위해 방범용품카메라 경보기 등을 설치하고 현관문과 창문 잠금장치를 강화하는 것이 좋습니다 또한 이웃과의 소통을 통해 주변 상황을 주시하고 방범에 도움을 요청할 수도 있습니다"
    },
    {
        "question": "현관문과 창문 잠금장치를 강화하는 것이 집 안전을 강화하는 데 어떤 장점이 있을까요",
        "answer": "집 안전을 강화하기 위해 방범용품카메라 경보기 등을 설치하고 현관문과 창문 잠금장치를 강화하는 것이 좋습니다 또한 이웃과의 소통을 통해 주변 상황을 주시하고 방범에 도움을 요청할 수도 있습니다"
    },
    {
        "question": "이웃과 소통하여 주변 상황을 주시함으로써 얻을 수 있는 집 안전 강화의 이점은 무엇인가요",
        "answer": "집 안전을 강화하기 위해 방범용품카메라 경보기 등을 설치하고 현관문과 창문 잠금장치를 강화하는 것이 좋습니다 또한 이웃과의 소통을 통해 주변 상황을 주시하고 방범에 도움을 요청할 수도 있습니다"
    },
    {
        "question": "집 안전을 강화하기 위해 어떤 전략을 사용하는 것이 가장 효과적일까요",
        "answer": "집 안전을 강화하기 위해 방범용품카메라 경보기 등을 설치하고 현관문과 창문 잠금장치를 강화하는 것이 좋습니다 또한 이웃과의 소통을 통해 주변 상황을 주시하고 방범에 도움을 요청할 수도 있습니다"
    },
    {
        "question": "길거리에서의 개인 안전을 위해 주의할 점은 무엇인가요",
        "answer": "길거리에서의 개인 안전을 위해 반드시 명확한 목적지와 루트를 설정하고 혼자 다니지 않는 것이 중요합니다 또한 어둡고 외딴 곳을 피하고 근처에는 사람이 많은 장소를 선택하는 것도 좋습니다"
    },
    {
        "question": "길거리에서 혼자 다니지 않는 것이 중요한 이유는 무엇인가요",
        "answer": "길거리에서의 개인 안전을 위해 반드시 명확한 목적지와 루트를 설정하고 혼자 다니지 않는 것이 중요합니다 또한 어둡고 외딴 곳을 피하고 근처에는 사람이 많은 장소를 선택하는 것도 좋습니다"
    },
    {
        "question": "외딴 곳을 피해야 하는 이유는 무엇인가요",
        "answer": "길거리에서의 개인 안전을 위해 반드시 명확한 목적지와 루트를 설정하고 혼자 다니지 않는 것이 중요합니다 또한 어둡고 외딴 곳을 피하고 근처에는 사람이 많은 장소를 선택하는 것도 좋습니다"
    },
    {
        "question": "개인 안전을 위해 명확한 목적지와 루트를 설정하는 이유는 무엇인가요",
        "answer": "길거리에서의 개인 안전을 위해 반드시 명확한 목적지와 루트를 설정하고 혼자 다니지 않는 것이 중요합니다 또한 어둡고 외딴 곳을 피하고 근처에는 사람이 많은 장소를 선택하는 것도 좋습니다"
    },
    {
        "question": "안전을 위해 어둡고 외딴 곳을 피하라고 하는 이유는 무엇인가요",
        "answer": "길거리에서의 개인 안전을 위해 반드시 명확한 목적지와 루트를 설정하고 혼자 다니지 않는 것이 중요합니다 또한 어둡고 외딴 곳을 피하고 근처에는 사람이 많은 장소를 선택하는 것도 좋습니다"
    },
    {
        "question": "사람이 많은 장소를 선택하는 것이 개인 안전에 어떤 영향을 미치나요",
        "answer": "길거리에서의 개인 안전을 위해 반드시 명확한 목적지와 루트를 설정하고 혼자 다니지 않는 것이 중요합니다 또한 어둡고 외딴 곳을 피하고 근처에는 사람이 많은 장소를 선택하는 것도 좋습니다"
    },
    {
        "question": "개인 안전을 위해 혼자 다니는 것을 피해야 하는 이유는 무엇인가요",
        "answer": "길거리에서의 개인 안전을 위해 반드시 명확한 목적지와 루트를 설정하고 혼자 다니지 않는 것이 중요합니다 또한 어둡고 외딴 곳을 피하고 근처에는 사람이 많은 장소를 선택하는 것도 좋습니다"
    },
    {
        "question": "어둡고 외딴 곳에서 발생할 수 있는 위험 요소는 무엇인가요",
        "answer": "길거리에서의 개인 안전을 위해 반드시 명확한 목적지와 루트를 설정하고 혼자 다니지 않는 것이 중요합니다 또한 어둡고 외딴 곳을 피하고 근처에는 사람이 많은 장소를 선택하는 것도 좋습니다"
    },
    {
        "question": "명확한 목적지와 루트를 설정하는 것이 개인 안전에 어떤 점에서 도움이 되나요",
        "answer": "길거리에서의 개인 안전을 위해 반드시 명확한 목적지와 루트를 설정하고 혼자 다니지 않는 것이 중요합니다 또한 어둡고 외딴 곳을 피하고 근처에는 사람이 많은 장소를 선택하는 것도 좋습니다"
    },
    {
        "question": "사람이 많은 장소에 가도록 권장하는 이유는 무엇인가요",
        "answer": "길거리에서의 개인 안전을 위해 반드시 명확한 목적지와 루트를 설정하고 혼자 다니지 않는 것이 중요합니다 또한 어둡고 외딴 곳을 피하고 근처에는 사람이 많은 장소를 선택하는 것도 좋습니다"
    },
    {
        "question": "길거리에서의 개인 안전을 위해 반드시 주의해야 할 점은 무엇인가요",
        "answer": "길거리에서의 개인 안전을 위해 반드시 명확한 목적지와 루트를 설정하고 혼자 다니지 않는 것이 중요합니다 또한 어둡고 외딴 곳을 피하고 근처에는 사람이 많은 장소를 선택하는 것도 좋습니다"
    },
    {
        "question": "아동의 안전을 위해 부모가 신경써야 할 점은 무엇인가요",
        "answer": "아동의 안전을 위해 부모는 아이들과의 소통을 중요시해야 합니다 안전한 동작과 상황에 대한 교육을 제공하고 아이들이 올바른 선택을 할 수 있도록 안전한 예시를 보여주는 것이 필요합니다"
    },
    {
        "question": "부모가 아동의 안전을 위해 신경써야 하는 가장 중요한 점은 무엇인가요",
        "answer": "아동의 안전을 위해 부모는 아이들과의 소통을 중요시해야 합니다 안전한 동작과 상황에 대한 교육을 제공하고 아이들이 올바른 선택을 할 수 있도록 안전한 예시를 보여주는 것이 필요합니다"
    },
    {
        "question": "아동의 안전을 위해 부모는 어떤 방식으로 아이들과 소통해야 할까요",
        "answer": "아동의 안전을 위해 부모는 아이들과의 소통을 중요시해야 합니다 안전한 동작과 상황에 대한 교육을 제공하고 아이들이 올바른 선택을 할 수 있도록 안전한 예시를 보여주는 것이 필요합니다"
    },
    {
        "question": "아동의 안전을 위해 부모는 어떤 종류의 교육을 제공해야 할까요",
        "answer": "아동의 안전을 위해 부모는 아이들과의 소통을 중요시해야 합니다 안전한 동작과 상황에 대한 교육을 제공하고 아이들이 올바른 선택을 할 수 있도록 안전한 예시를 보여주는 것이 필요합니다"
    },
    {
        "question": "부모가 아이들에게 안전한 선택을 할 수 있도록 도와주기 위해 어떤 예시를 보여줄 수 있을까요",
        "answer": "아동의 안전을 위해 부모는 아이들과의 소통을 중요시해야 합니다 안전한 동작과 상황에 대한 교육을 제공하고 아이들이 올바른 선택을 할 수 있도록 안전한 예시를 보여주는 것이 필요합니다"
    },
    {
        "question": "아동의 안전을 위해 부모가 중요시해야 하는 가장 기본적인 요소는 무엇인가요",
        "answer": "아동의 안전을 위해 부모는 아이들과의 소통을 중요시해야 합니다 안전한 동작과 상황에 대한 교육을 제공하고 아이들이 올바른 선택을 할 수 있도록 안전한 예시를 보여주는 것이 필요합니다"
    },
    {
        "question": "아동의 안전을 위해 부모는 어떤 동작과 상황에 대해 교육을 제공해야 할까요",
        "answer": "아동의 안전을 위해 부모는 아이들과의 소통을 중요시해야 합니다 안전한 동작과 상황에 대한 교육을 제공하고 아이들이 올바른 선택을 할 수 있도록 안전한 예시를 보여주는 것이 필요합니다"
    },
    {
        "question": "아동의 안전을 위해 부모는 어떤 방법으로 아이들과의 소통을 강화할 수 있을까요",
        "answer": "아동의 안전을 위해 부모는 아이들과의 소통을 중요시해야 합니다 안전한 동작과 상황에 대한 교육을 제공하고 아이들이 올바른 선택을 할 수 있도록 안전한 예시를 보여주는 것이 필요합니다"
    },
    {
        "question": "부모가 아이들과 소통을 하면서 안전에 대한 교육을 제공하는 방법에는 어떤 것이 있을까요",
        "answer": "아동의 안전을 위해 부모는 아이들과의 소통을 중요시해야 합니다 안전한 동작과 상황에 대한 교육을 제공하고 아이들이 올바른 선택을 할 수 있도록 안전한 예시를 보여주는 것이 필요합니다"
    },
    {
        "question": "아동의 안전을 위해 부모는 어떤 사례를 통해 아이들에게 올바른 선택을 할 수 있게 도와줄 수 있을까요",
        "answer": "아동의 안전을 위해 부모는 아이들과의 소통을 중요시해야 합니다 안전한 동작과 상황에 대한 교육을 제공하고 아이들이 올바른 선택을 할 수 있도록 안전한 예시를 보여주는 것이 필요합니다"
    },
    {
        "question": "아동의 안전을 위해 부모가 아이들과의 소통을 중요시하는 이유는 무엇인가요",
        "answer": "아동의 안전을 위해 부모는 아이들과의 소통을 중요시해야 합니다 안전한 동작과 상황에 대한 교육을 제공하고 아이들이 올바른 선택을 할 수 있도록 안전한 예시를 보여주는 것이 필요합니다"
    },
    {
        "question": "사회적 약자의 안전을 지키기 위해 노력해야 할 방법이 있을까요",
        "answer": "사회적 약자의 안전을 지키기 위해 조직된 도움을 제공하는 기관과 단체에 참여하는 것이 좋습니다 또한 주변에 사회적 약자를 위한 서비스가 있는지 확인하고 필요한 경우 해당 서비스를 활용하는 것도 중요합니다"
    },
    {
        "question": "사회적 약자의 안전을 보장하기 위해 현장에서 직접적인 지원을 제공하는 봉사활동에 참여해 보시겠어요",
        "answer": "사회적 약자의 안전을 지키기 위해 조직된 도움을 제공하는 기관과 단체에 참여하는 것이 좋습니다 또한 주변에 사회적 약자를 위한 서비스가 있는지 확인하고 필요한 경우 해당 서비스를 활용하는 것도 중요합니다"
    },
    {
        "question": "사회적 약자의 안전을 위해 주변에 있는 지원 기관과 단체에 문의하여 어떤 방식으로 도움을 줄 수 있는지 알아보는 것이 좋을까요",
        "answer": "사회적 약자의 안전을 지키기 위해 조직된 도움을 제공하는 기관과 단체에 참여하는 것이 좋습니다 또한 주변에 사회적 약자를 위한 서비스가 있는지 확인하고 필요한 경우 해당 서비스를 활용하는 것도 중요합니다"
    },
    {
        "question": "사회적 약자를 돕기 위해 특별한 서비스나 프로그램이 있는지 알아봐야 할까요",
        "answer": "사회적 약자의 안전을 지키기 위해 조직된 도움을 제공하는 기관과 단체에 참여하는 것이 좋습니다 또한 주변에 사회적 약자를 위한 서비스가 있는지 확인하고 필요한 경우 해당 서비스를 활용하는 것도 중요합니다"
    },
    {
        "question": "사회적 약자의 안전을 위해 필요한 정보와 지원을 제공하는 커뮤니티에 가입해 보는 것이 좋을까요",
        "answer": "사회적 약자의 안전을 지키기 위해 조직된 도움을 제공하는 기관과 단체에 참여하는 것이 좋습니다 또한 주변에 사회적 약자를 위한 서비스가 있는지 확인하고 필요한 경우 해당 서비스를 활용하는 것도 중요합니다"
    },
    {
        "question": "사회적 약자의 안전을 보호하기 위해 주변에 있는 친구들과 함께 지원 프로그램에 참여하는 것도 좋은 방법일까요",
        "answer": "사회적 약자의 안전을 지키기 위해 조직된 도움을 제공하는 기관과 단체에 참여하는 것이 좋습니다 또한 주변에 사회적 약자를 위한 서비스가 있는지 확인하고 필요한 경우 해당 서비스를 활용하는 것도 중요합니다"
    },
    {
        "question": "사회적 약자를 도우며 안전한 환경을 조성하기 위해 관련 정보를 공유하는 소셜미디어 그룹에 참여해 보는 것이 좋을까요",
        "answer": "사회적 약자의 안전을 지키기 위해 조직된 도움을 제공하는 기관과 단체에 참여하는 것이 좋습니다 또한 주변에 사회적 약자를 위한 서비스가 있는지 확인하고 필요한 경우 해당 서비스를 활용하는 것도 중요합니다"
    },
    {
        "question": "사회적 약자의 안전을 지키기 위해 교육 및 프로그램 참여를 통해 개인적인 능력을 향상시키는 것도 좋은 방법이겠죠",
        "answer": "사회적 약자의 안전을 지키기 위해 조직된 도움을 제공하는 기관과 단체에 참여하는 것이 좋습니다 또한 주변에 사회적 약자를 위한 서비스가 있는지 확인하고 필요한 경우 해당 서비스를 활용하는 것도 중요합니다"
    },
    {
        "question": "사이버 안전을 위해 어떤 조치를 취할 수 있을까요",
        "answer": "사이버 안전을 위해 강력한 비밀번호를 사용하고 주기적으로 변경하는 것이 좋습니다 또한 악성 소프트웨어를 방지하기 위해 백신 프로그램을 설치하고 의심스러운 이메일이나 링크를 클릭하지 않는 것도 필요합니다"
    },
    {
        "question": "어떤 방법으로 사이버 안전을 유지할 수 있을까요",
        "answer": "사이버 안전을 위해 강력한 비밀번호를 사용하고 주기적으로 변경하는 것이 좋습니다 또한 악성 소프트웨어를 방지하기 위해 백신 프로그램을 설치하고 의심스러운 이메일이나 링크를 클릭하지 않는 것도 필요합니다"
    },
    {
        "question": "사이버 안전을 위해 어떤 종류의 비밀번호를 사용하는 것이 좋을까요",
        "answer": "사이버 안전을 위해 강력한 비밀번호를 사용하고 주기적으로 변경하는 것이 좋습니다 또한 악성 소프트웨어를 방지하기 위해 백신 프로그램을 설치하고 의심스러운 이메일이나 링크를 클릭하지 않는 것도 필요합니다"
    },
    {
        "question": "악성 소프트웨어로부터 안전을 유지하기 위해 어떤 조치를 취해야 할까요",
        "answer": "사이버 안전을 위해 강력한 비밀번호를 사용하고 주기적으로 변경하는 것이 좋습니다 또한 악성 소프트웨어를 방지하기 위해 백신 프로그램을 설치하고 의심스러운 이메일이나 링크를 클릭하지 않는 것도 필요합니다"
    },
    {
        "question": "사이버 안전을 위해 어떤 종류의 백신 프로그램을 설치해야 할까요",
        "answer": "사이버 안전을 위해 강력한 비밀번호를 사용하고 주기적으로 변경하는 것이 좋습니다 또한 악성 소프트웨어를 방지하기 위해 백신 프로그램을 설치하고 의심스러운 이메일이나 링크를 클릭하지 않는 것도 필요합니다"
    },
    {
        "question": "의심스러운 이메일이나 링크를 클릭하지 않는 것 외에도 어떤 방법으로 사이버 안전을 유지할 수 있을까요",
        "answer": "사이버 안전을 위해 강력한 비밀번호를 사용하고 주기적으로 변경하는 것이 좋습니다 또한 악성 소프트웨어를 방지하기 위해 백신 프로그램을 설치하고 의심스러운 이메일이나 링크를 클릭하지 않는 것도 필요합니다"
    },
    {
        "question": "비밀번호를 주기적으로 변경하는 것 외에도 사이버 안전을 위해 어떤 조치를 취할 수 있을까요",
        "answer": "사이버 안전을 위해 강력한 비밀번호를 사용하고 주기적으로 변경하는 것이 좋습니다 또한 악성 소프트웨어를 방지하기 위해 백신 프로그램을 설치하고 의심스러운 이메일이나 링크를 클릭하지 않는 것도 필요합니다"
    },
    {
        "question": "백신 프로그램을 설치하는 것 외에도 악성 소프트웨어로부터 안전을 유지하기 위한 다른 방법이 있을까요",
        "answer": "사이버 안전을 위해 강력한 비밀번호를 사용하고 주기적으로 변경하는 것이 좋습니다 또한 악성 소프트웨어를 방지하기 위해 백신 프로그램을 설치하고 의심스러운 이메일이나 링크를 클릭하지 않는 것도 필요합니다"
    },
    {
        "question": "사이버 안전을 위해 어떤 종류의 이메일을 신뢰할 수 있을까요",
        "answer": "사이버 안전을 위해 강력한 비밀번호를 사용하고 주기적으로 변경하는 것이 좋습니다 또한 악성 소프트웨어를 방지하기 위해 백신 프로그램을 설치하고 의심스러운 이메일이나 링크를 클릭하지 않는 것도 필요합니다"
    },
    {
        "question": "의심스러운 링크를 클릭하지 않는 것 외에도 악성 소프트웨어로부터 안전을 유지하기 위해 어떤 조치를 취할 수 있을까요",
        "answer": "사이버 안전을 위해 강력한 비밀번호를 사용하고 주기적으로 변경하는 것이 좋습니다 또한 악성 소프트웨어를 방지하기 위해 백신 프로그램을 설치하고 의심스러운 이메일이나 링크를 클릭하지 않는 것도 필요합니다"
    },
    {
        "question": "어떻게 하면 사이버 안전을 위한 조치들을 효과적으로 실천할 수 있을까요",
        "answer": "사이버 안전을 위해 강력한 비밀번호를 사용하고 주기적으로 변경하는 것이 좋습니다 또한 악성 소프트웨어를 방지하기 위해 백신 프로그램을 설치하고 의심스러운 이메일이나 링크를 클릭하지 않는 것도 필요합니다"
    },
    {
        "question": "지역 사회의 안전을 도모하기 위해 협력하는 방법은 무엇인가요",
        "answer": "지역 사회의 안전을 도모하기 위해 이웃과의 소통과 협력이 중요합니다 동네 모임이나 안전을 위한 활동에 참여하고 이상 징후가 있는 경우 관련 기관과 연락하여 신고하는 것도 좋은 방법입니다"
    },
    {
        "question": "어떻게 하면 지역 사회의 안전을 증진시킬 수 있을까요",
        "answer": "지역 사회의 안전을 도모하기 위해 이웃과의 소통과 협력이 중요합니다 동네 모임이나 안전을 위한 활동에 참여하고 이상 징후가 있는 경우 관련 기관과 연락하여 신고하는 것도 좋은 방법입니다"
    },
    {
        "question": "지역 사회 안전을 위해 어떤 협력이 필요한가요",
        "answer": "지역 사회의 안전을 도모하기 위해 이웃과의 소통과 협력이 중요합니다 동네 모임이나 안전을 위한 활동에 참여하고 이상 징후가 있는 경우 관련 기관과 연락하여 신고하는 것도 좋은 방법입니다"
    },
    {
        "question": "협력을 통해 지역 사회 안전을 도모할 수 있는 방법은 무엇인가요",
        "answer": "지역 사회의 안전을 도모하기 위해 이웃과의 소통과 협력이 중요합니다 동네 모임이나 안전을 위한 활동에 참여하고 이상 징후가 있는 경우 관련 기관과 연락하여 신고하는 것도 좋은 방법입니다"
    },
    {
        "question": "안전을 위해 이웃과 소통하고 협력하는 것이 왜 중요한가요",
        "answer": "지역 사회의 안전을 도모하기 위해 이웃과의 소통과 협력이 중요합니다 동네 모임이나 안전을 위한 활동에 참여하고 이상 징후가 있는 경우 관련 기관과 연락하여 신고하는 것도 좋은 방법입니다"
    },
    {
        "question": "지역 사회의 안전을 위해 동네 모임에 참여하는 것을 추천하는 이유는 무엇인가요",
        "answer": "지역 사회의 안전을 도모하기 위해 이웃과의 소통과 협력이 중요합니다 동네 모임이나 안전을 위한 활동에 참여하고 이상 징후가 있는 경우 관련 기관과 연락하여 신고하는 것도 좋은 방법입니다"
    },
    {
        "question": "이상 징후가 있는 경우 관련 기관에 신고하는 것이 왜 좋은 방법인가요",
        "answer": "지역 사회의 안전을 도모하기 위해 이웃과의 소통과 협력이 중요합니다 동네 모임이나 안전을 위한 활동에 참여하고 이상 징후가 있는 경우 관련 기관과 연락하여 신고하는 것도 좋은 방법입니다"
    },
    {
        "question": "협력을 통해 지역 사회의 안전을 증진할 수 있는 다른 방법은 무엇인가요",
        "answer": "지역 사회의 안전을 도모하기 위해 이웃과의 소통과 협력이 중요합니다 동네 모임이나 안전을 위한 활동에 참여하고 이상 징후가 있는 경우 관련 기관과 연락하여 신고하는 것도 좋은 방법입니다"
    },
    {
        "question": "지역 사회 안전을 위해 이웃과 어떻게 소통해야 하나요",
        "answer": "지역 사회의 안전을 도모하기 위해 이웃과의 소통과 협력이 중요합니다 동네 모임이나 안전을 위한 활동에 참여하고 이상 징후가 있는 경우 관련 기관과 연락하여 신고하는 것도 좋은 방법입니다"
    },
    {
        "question": "안전 활동에 참여하는 것이 지역 사회 안전에 어떤 영향을 미칠 수 있나요",
        "answer": "지역 사회의 안전을 도모하기 위해 이웃과의 소통과 협력이 중요합니다 동네 모임이나 안전을 위한 활동에 참여하고 이상 징후가 있는 경우 관련 기관과 연락하여 신고하는 것도 좋은 방법입니다"
    },
    {
        "question": "지역 사회 안전을 위해 어떤 단체와 협력하는 것이 좋은가요",
        "answer": "지역 사회의 안전을 도모하기 위해 이웃과의 소통과 협력이 중요합니다 동네 모임이나 안전을 위한 활동에 참여하고 이상 징후가 있는 경우 관련 기관과 연락하여 신고하는 것도 좋은 방법입니다"
    },
    {
        "question": "긴급 상황에서의 대처 방법은 어떻게 되나요",
        "answer": "긴급 상황에서는 먼저 안전한 장소로 이동하여 자신의 안전을 최우선으로 생각해야 합니다 그리고 긴급 상황에 대비하여 응급 상황에 대한 기본적인 지식을 갖추고 관련 기관이나 비상 연락처를 기억해두는 것이 좋습니다"
    },
    {
        "question": "긴급 상황에서 제일 먼저 해야 할 일은 무엇인가요",
        "answer": "긴급 상황에서는 먼저 안전한 장소로 이동하여 자신의 안전을 최우선으로 생각해야 합니다 그리고 긴급 상황에 대비하여 응급 상황에 대한 기본적인 지식을 갖추고 관련 기관이나 비상 연락처를 기억해두는 것이 좋습니다"
    },
    {
        "question": "긴급 상황에 대비하여 필요한 지식은 어떤 것들이 있나요",
        "answer": "긴급 상황에서는 먼저 안전한 장소로 이동하여 자신의 안전을 최우선으로 생각해야 합니다 그리고 긴급 상황에 대비하여 응급 상황에 대한 기본적인 지식을 갖추고 관련 기관이나 비상 연락처를 기억해두는 것이 좋습니다"
    },
    {
        "question": "긴급 상황에서의 안전한 장소로 이동하는 방법은 무엇인가요",
        "answer": "긴급 상황에서는 먼저 안전한 장소로 이동하여 자신의 안전을 최우선으로 생각해야 합니다 그리고 긴급 상황에 대비하여 응급 상황에 대한 기본적인 지식을 갖추고 관련 기관이나 비상 연락처를 기억해두는 것이 좋습니다"
    },
    {
        "question": "긴급 상황에 대비하여 어떤 기관이나 비상 연락처를 알아두는 것이 좋을까요",
        "answer": "긴급 상황에서는 먼저 안전한 장소로 이동하여 자신의 안전을 최우선으로 생각해야 합니다 그리고 긴급 상황에 대비하여 응급 상황에 대한 기본적인 지식을 갖추고 관련 기관이나 비상 연락처를 기억해두는 것이 좋습니다"
    },
    {
        "question": "긴급 상황에서 어떻게 자신의 안전을 최우선으로 생각할 수 있을까요",
        "answer": "긴급 상황에서는 먼저 안전한 장소로 이동하여 자신의 안전을 최우선으로 생각해야 합니다 그리고 긴급 상황에 대비하여 응급 상황에 대한 기본적인 지식을 갖추고 관련 기관이나 비상 연락처를 기억해두는 것이 좋습니다"
    },
    {
        "question": "긴급 상황에서 필요한 응급 상황에 대한 기본적인 지식은 어떤 것들이 있나요",
        "answer": "긴급 상황에서는 먼저 안전한 장소로 이동하여 자신의 안전을 최우선으로 생각해야 합니다 그리고 긴급 상황에 대비하여 응급 상황에 대한 기본적인 지식을 갖추고 관련 기관이나 비상 연락처를 기억해두는 것이 좋습니다"
    },
    {
        "question": "긴급 상황에서 자신의 안전을 지키기 위해 어떤 조치를 취해야 하나요",
        "answer": "긴급 상황에서는 먼저 안전한 장소로 이동하여 자신의 안전을 최우선으로 생각해야 합니다 그리고 긴급 상황에 대비하여 응급 상황에 대한 기본적인 지식을 갖추고 관련 기관이나 비상 연락처를 기억해두는 것이 좋습니다"
    },
    {
        "question": "긴급 상황에서 도움을 요청할 수 있는 방법은 어떤 것들이 있나요",
        "answer": "긴급 상황에서는 먼저 안전한 장소로 이동하여 자신의 안전을 최우선으로 생각해야 합니다 그리고 긴급 상황에 대비하여 응급 상황에 대한 기본적인 지식을 갖추고 관련 기관이나 비상 연락처를 기억해두는 것이 좋습니다"
    },
    {
        "question": "긴급 상황에서 주변 사람들을 어떻게 도울 수 있을까요",
        "answer": "긴급 상황에서는 먼저 안전한 장소로 이동하여 자신의 안전을 최우선으로 생각해야 합니다 그리고 긴급 상황에 대비하여 응급 상황에 대한 기본적인 지식을 갖추고 관련 기관이나 비상 연락처를 기억해두는 것이 좋습니다"
    },
    {
        "question": "긴급 상황에서 어느 경우에 비상 연락처를 사용해야 할까요",
        "answer": "긴급 상황에서는 먼저 안전한 장소로 이동하여 자신의 안전을 최우선으로 생각해야 합니다 그리고 긴급 상황에 대비하여 응급 상황에 대한 기본적인 지식을 갖추고 관련 기관이나 비상 연락처를 기억해두는 것이 좋습니다"
    },
    {
        "question": "노인의 안전을 지키기 위해 신경써야 할 점은 무엇인가요",
        "answer": "노인의 안전을 지키기 위해 가정 환경을 안전하게 조성하고 노인들이 산책이나 외출 시 도움을 받을 수 있는 지원체계를 마련하는 것이 중요합니다 또한 노인들의 신체적인 제약사항을 고려하여 필요한 보조기구나 안전용품을 사용하는 것도 필요합니다"
    },
    {
        "question": "어떤 조치를 취해야 노인들의 안전을 보장할 수 있을까요",
        "answer": "노인의 안전을 지키기 위해 가정 환경을 안전하게 조성하고 노인들이 산책이나 외출 시 도움을 받을 수 있는 지원체계를 마련하는 것이 중요합니다 또한 노인들의 신체적인 제약사항을 고려하여 필요한 보조기구나 안전용품을 사용하는 것도 필요합니다"
    },
    {
        "question": "노인의 안전을 위해 우리는 어떤 방법을 사용해야 할까요",
        "answer": "노인의 안전을 지키기 위해 가정 환경을 안전하게 조성하고 노인들이 산책이나 외출 시 도움을 받을 수 있는 지원체계를 마련하는 것이 중요합니다 또한 노인들의 신체적인 제약사항을 고려하여 필요한 보조기구나 안전용품을 사용하는 것도 필요합니다"
    },
    {
        "question": "노인들의 안전을 위해 무엇을 준비해야 할까요",
        "answer": "노인의 안전을 지키기 위해 가정 환경을 안전하게 조성하고 노인들이 산책이나 외출 시 도움을 받을 수 있는 지원체계를 마련하는 것이 중요합니다 또한 노인들의 신체적인 제약사항을 고려하여 필요한 보조기구나 안전용품을 사용하는 것도 필요합니다"
    },
    {
        "question": "노인의 안전을 위해 신경을 써야 할 부분은 무엇인가요",
        "answer": "노인의 안전을 지키기 위해 가정 환경을 안전하게 조성하고 노인들이 산책이나 외출 시 도움을 받을 수 있는 지원체계를 마련하는 것이 중요합니다 또한 노인들의 신체적인 제약사항을 고려하여 필요한 보조기구나 안전용품을 사용하는 것도 필요합니다"
    },
    {
        "question": "노인들의 안전을 위해 우리는 어떤 지원체계를 마련해야 할까요",
        "answer": "노인의 안전을 지키기 위해 가정 환경을 안전하게 조성하고 노인들이 산책이나 외출 시 도움을 받을 수 있는 지원체계를 마련하는 것이 중요합니다 또한 노인들의 신체적인 제약사항을 고려하여 필요한 보조기구나 안전용품을 사용하는 것도 필요합니다"
    },
    {
        "question": "노인의 안전을 위해 필요한 보조기구나 안전용품은 무엇인가요",
        "answer": "노인의 안전을 지키기 위해 가정 환경을 안전하게 조성하고 노인들이 산책이나 외출 시 도움을 받을 수 있는 지원체계를 마련하는 것이 중요합니다 또한 노인들의 신체적인 제약사항을 고려하여 필요한 보조기구나 안전용품을 사용하는 것도 필요합니다"
    },
    {
        "question": "노인들의 안전을 지키기 위해서 가정 환경에 어떤 조치를 취해야 할까요",
        "answer": "노인의 안전을 지키기 위해 가정 환경을 안전하게 조성하고 노인들이 산책이나 외출 시 도움을 받을 수 있는 지원체계를 마련하는 것이 중요합니다 또한 노인들의 신체적인 제약사항을 고려하여 필요한 보조기구나 안전용품을 사용하는 것도 필요합니다"
    },
    {
        "question": "노인의 안전을 위해 필요한 사항에 대해서 고려해야 할 것은 무엇인가요",
        "answer": "노인의 안전을 지키기 위해 가정 환경을 안전하게 조성하고 노인들이 산책이나 외출 시 도움을 받을 수 있는 지원체계를 마련하는 것이 중요합니다 또한 노인들의 신체적인 제약사항을 고려하여 필요한 보조기구나 안전용품을 사용하는 것도 필요합니다"
    },
    {
        "question": "노인들이 산책이나 외출 시 도움을 받을 수 있는 방법은 무엇인가요",
        "answer": "노인의 안전을 지키기 위해 가정 환경을 안전하게 조성하고 노인들이 산책이나 외출 시 도움을 받을 수 있는 지원체계를 마련하는 것이 중요합니다 또한 노인들의 신체적인 제약사항을 고려하여 필요한 보조기구나 안전용품을 사용하는 것도 필요합니다"
    },
    {
        "question": "노인의 안전을 위해 무엇을 준비해야 할까요",
        "answer": "노인의 안전을 지키기 위해 가정 환경을 안전하게 조성하고 노인들이 산책이나 외출 시 도움을 받을 수 있는 지원체계를 마련하는 것이 중요합니다 또한 노인들의 신체적인 제약사항을 고려하여 필요한 보조기구나 안전용품을 사용하는 것도 필요합니다"
    },
    {
        "question": "여성의 안전을 위해 주의해야 할 점은 무엇인가요",
        "answer": "여성의 안전을 위해 일정한 외출 시간과 장소를 알려두는 것이 좋습니다 또한 혼자 다닐 때는 주변 상황을 주의깊게 살피고 주변에 도움을 요청할 수 있는 장소나 사람들을 인지해두는 것도 중요합니다"
    },
    {
        "question": "여성의 안전을 보장하기 위해 필요한 예방 조치는 무엇인가요",
        "answer": "여성의 안전을 위해 일정한 외출 시간과 장소를 알려두는 것이 좋습니다 또한 혼자 다닐 때는 주변 상황을 주의깊게 살피고 주변에 도움을 요청할 수 있는 장소나 사람들을 인지해두는 것도 중요합니다"
    },
    {
        "question": "여성의 안전을 위해 필요한 대책은 어떤 것이 있나요",
        "answer": "여성의 안전을 위해 일정한 외출 시간과 장소를 알려두는 것이 좋습니다 또한 혼자 다닐 때는 주변 상황을 주의깊게 살피고 주변에 도움을 요청할 수 있는 장소나 사람들을 인지해두는 것도 중요합니다"
    },
    {
        "question": "여성의 안전을 위해 필요한 주의사항은 무엇인가요",
        "answer": "여성의 안전을 위해 일정한 외출 시간과 장소를 알려두는 것이 좋습니다 또한 혼자 다닐 때는 주변 상황을 주의깊게 살피고 주변에 도움을 요청할 수 있는 장소나 사람들을 인지해두는 것도 중요합니다"
    },
    {
        "question": "어떻게 해야 여성의 안전을 보장할 수 있을까요",
        "answer": "여성의 안전을 위해 일정한 외출 시간과 장소를 알려두는 것이 좋습니다 또한 혼자 다닐 때는 주변 상황을 주의깊게 살피고 주변에 도움을 요청할 수 있는 장소나 사람들을 인지해두는 것도 중요합니다"
    },
    {
        "question": "여성들이 안전을 지키기 위해 알아두어야 할 점은 무엇인가요",
        "answer": "여성의 안전을 위해 일정한 외출 시간과 장소를 알려두는 것이 좋습니다 또한 혼자 다닐 때는 주변 상황을 주의깊게 살피고 주변에 도움을 요청할 수 있는 장소나 사람들을 인지해두는 것도 중요합니다"
    },
    {
        "question": "여성의 안전을 위해 필요한 조치들에는 어떤 것들이 있을까요",
        "answer": "여성의 안전을 위해 일정한 외출 시간과 장소를 알려두는 것이 좋습니다 또한 혼자 다닐 때는 주변 상황을 주의깊게 살피고 주변에 도움을 요청할 수 있는 장소나 사람들을 인지해두는 것도 중요합니다"
    },
    {
        "question": "여성의 안전을 위해 신경써야 할 사항은 무엇인가요",
        "answer": "여성의 안전을 위해 일정한 외출 시간과 장소를 알려두는 것이 좋습니다 또한 혼자 다닐 때는 주변 상황을 주의깊게 살피고 주변에 도움을 요청할 수 있는 장소나 사람들을 인지해두는 것도 중요합니다"
    },
    {
        "question": "어떤 방법으로 여성들의 안전을 향상시킬 수 있을까요",
        "answer": "여성의 안전을 위해 일정한 외출 시간과 장소를 알려두는 것이 좋습니다 또한 혼자 다닐 때는 주변 상황을 주의깊게 살피고 주변에 도움을 요청할 수 있는 장소나 사람들을 인지해두는 것도 중요합니다"
    },
    {
        "question": "여성들이 안전을 위해 고려해야 할 사항은 어떤 것들이 있나요",
        "answer": "여성의 안전을 위해 일정한 외출 시간과 장소를 알려두는 것이 좋습니다 또한 혼자 다닐 때는 주변 상황을 주의깊게 살피고 주변에 도움을 요청할 수 있는 장소나 사람들을 인지해두는 것도 중요합니다"
    },
    {
        "question": "여성의 안전을 위한 지침은 어떤 것들이 있을까요",
        "answer": "여성의 안전을 위해 일정한 외출 시간과 장소를 알려두는 것이 좋습니다 또한 혼자 다닐 때는 주변 상황을 주의깊게 살피고 주변에 도움을 요청할 수 있는 장소나 사람들을 인지해두는 것도 중요합니다"
    },
    {
        "question": "교통 안전을 지키기 위한 팁이 있을까요",
        "answer": "교통 안전을 지키기 위해 교통 규칙을 준수하는 것이 가장 중요합니다 또한 안전 운전을 위해 휴대전화 사용을 자제하고 안전벨트를 착용하고 근본적인 원인인 술이나 졸음 운전을 하지 않는 것도 필요합니다"
    },
    {
        "question": "교통 안전을 보장하기 위해 어떤 조치를 취해야 할까요",
        "answer": "교통 안전을 지키기 위해 교통 규칙을 준수하는 것이 가장 중요합니다 또한 안전 운전을 위해 휴대전화 사용을 자제하고 안전벨트를 착용하고 근본적인 원인인 술이나 졸음 운전을 하지 않는 것도 필요합니다"
    },
    {
        "question": "교통 안전을 위해 우리가 해야 할 가장 중요한 일은 무엇인가요",
        "answer": "교통 안전을 지키기 위해 교통 규칙을 준수하는 것이 가장 중요합니다 또한 안전 운전을 위해 휴대전화 사용을 자제하고 안전벨트를 착용하고 근본적인 원인인 술이나 졸음 운전을 하지 않는 것도 필요합니다"
    },
    {
        "question": "교통 안전을 위해 어떤 교통 규칙을 지켜야 할까요",
        "answer": "교통 안전을 지키기 위해 교통 규칙을 준수하는 것이 가장 중요합니다 또한 안전 운전을 위해 휴대전화 사용을 자제하고 안전벨트를 착용하고 근본적인 원인인 술이나 졸음 운전을 하지 않는 것도 필요합니다"
    },
    {
        "question": "어떤 방법으로 교통 안전을 지키는 것이 가장 효과적일까요",
        "answer": "교통 안전을 지키기 위해 교통 규칙을 준수하는 것이 가장 중요합니다 또한 안전 운전을 위해 휴대전화 사용을 자제하고 안전벨트를 착용하고 근본적인 원인인 술이나 졸음 운전을 하지 않는 것도 필요합니다"
    },
    {
        "question": "교통 안전을 위해 휴대전화 사용을 어떻게 자제할 수 있을까요",
        "answer": "교통 안전을 지키기 위해 교통 규칙을 준수하는 것이 가장 중요합니다 또한 안전 운전을 위해 휴대전화 사용을 자제하고 안전벨트를 착용하고 근본적인 원인인 술이나 졸음 운전을 하지 않는 것도 필요합니다"
    },
    {
        "question": "교통 안전을 위해 안전벨트 착용의 중요성은 무엇인가요",
        "answer": "교통 안전을 지키기 위해 교통 규칙을 준수하는 것이 가장 중요합니다 또한 안전 운전을 위해 휴대전화 사용을 자제하고 안전벨트를 착용하고 근본적인 원인인 술이나 졸음 운전을 하지 않는 것도 필요합니다"
    },
    {
        "question": "교통 안전을 위해 술이나 졸음 운전을 하지 않는 것이 왜 중요한가요",
        "answer": "교통 안전을 지키기 위해 교통 규칙을 준수하는 것이 가장 중요합니다 또한 안전 운전을 위해 휴대전화 사용을 자제하고 안전벨트를 착용하고 근본적인 원인인 술이나 졸음 운전을 하지 않는 것도 필요합니다"
    },
    {
        "question": "어떻게 하면 교통 안전을 위해 다른 운전자들과의 커뮤니케이션을 원활하게 할 수 있을까요",
        "answer": "교통 안전을 지키기 위해 교통 규칙을 준수하는 것이 가장 중요합니다 또한 안전 운전을 위해 휴대전화 사용을 자제하고 안전벨트를 착용하고 근본적인 원인인 술이나 졸음 운전을 하지 않는 것도 필요합니다"
    },
    {
        "question": "교통 안전을 위해 보행자로서 우리가 지켜야 할 규칙은 무엇인가요",
        "answer": "교통 안전을 지키기 위해 교통 규칙을 준수하는 것이 가장 중요합니다 또한 안전 운전을 위해 휴대전화 사용을 자제하고 안전벨트를 착용하고 근본적인 원인인 술이나 졸음 운전을 하지 않는 것도 필요합니다"
    },
    {
        "question": "교통 안전을 위해 우리가 주행 시에 고려해야 할 요소는 어떤 것들이 있을까요",
        "answer": "교통 안전을 지키기 위해 교통 규칙을 준수하는 것이 가장 중요합니다 또한 안전 운전을 위해 휴대전화 사용을 자제하고 안전벨트를 착용하고 근본적인 원인인 술이나 졸음 운전을 하지 않는 것도 필요합니다"
    }
]